{"cameraMode":{"drawMode":0,"name":"Shaded","section":"Shading Mode"},"sceneLighting":true,"audioPlay":false,"sceneViewState":{"showFog":true,"showMaterialUpdate":false,"showSkybox":true,"showFlares":true,"showImageEffects":true,"showParticleSystems":true},"in2DMode":false,"pivot":{"x":290.9726867675781,"y":95.62117767333985,"z":236.35635375976563},"rotation":{"x":-0.0009936251444742084,"y":-0.9990062117576599,"z":0.03271197900176048,"w":-0.030258778482675554},"size":48.9873046875,"orthographic":false}