{"cameraMode":{"drawMode":0,"name":"Shaded","section":"Shading Mode"},"sceneLighting":true,"audioPlay":false,"sceneViewState":{"showFog":true,"showMaterialUpdate":false,"showSkybox":true,"showFlares":true,"showImageEffects":true,"showParticleSystems":true},"in2DMode":false,"pivot":{"x":532.6082763671875,"y":140.21652221679688,"z":423.0675048828125},"rotation":{"x":-0.08200296014547348,"y":0.8367487788200378,"z":-0.13059388101100923,"w":-0.5254258513450623},"size":102.33426666259766,"orthographic":false}