{"cameraMode":{"drawMode":0,"name":"Shaded","section":"Shading Mode"},"sceneLighting":true,"audioPlay":false,"sceneViewState":{"showFog":true,"showMaterialUpdate":false,"showSkybox":true,"showFlares":true,"showImageEffects":true,"showParticleSystems":true},"in2DMode":false,"pivot":{"x":211.269287109375,"y":-113.38934326171875,"z":-36.72137451171875},"rotation":{"x":-0.01866801269352436,"y":0.956654965877533,"z":-0.2837264835834503,"w":-0.0629454106092453},"size":695.490478515625,"orthographic":false}